業種,MAE,R²
小麦加工業,0.009309388964905121,0.7986158734110564
外食,0.0049146613334981985,0.5218194130174301
